,0
0,GSY827AN7D2341_AAO08637K_PKT11_CM1EQSUA0012_20220714014230_DirectLight_NG.jpg
1,GSY827AN7F0419_AAO11265K_PKT04_CM1EQSUA0012_20220715180751_DirectLight_NG.jpg
2,GSY827AN7G0504_AAO09366K_PKT02_CM1EQSUA0012_20220716235550_DirectLight_NG.jpg
3,GSY827AN7H0952_AAO19535K_PKT14_CM1EQSUA0012_20220719001741_DirectLight_NG.jpg
4,GSY827AN7I0162_AAO28791K_PKT11_CM1EQSUA0011_20220730170039_DirectLight_NG.jpg
5,GSY827AN7U0269_AAO26238K_PKT04_CM1EQSUA0011_20220728083851_DirectLight_NG.jpg
6,GSY827AN7U0271_AAO26654K_PKT03_CM1EQSUA0011_20220728083823_DirectLight_NG.jpg
7,GSY827AN7U0400_AAO27989K_PKT15_CM1EQSUA0011_20220728111752_DirectLight_NG.jpg
8,GSY827AN7V2200_AAO06229K_PKT06_CM1EQSUA0011_20220730152111_DirectLight_NG.jpg
9,GSY827AN850838_AAO31716K_PKT01_CM1EQSUA0012_20220805130327_DirectLight_NG.jpg
10,GSY827AN8A2732_AAO29113K_PKT15_CM1EQSUA0011_20220810120812_DirectLight_NG.jpg
11,GSY827BN8B2390_AAO17777K_PKT13_CM1EQSUA0012_20220811235742_DirectLight_NG.jpg
12,GSY848AN7C2172_AAO02551K_PKT04_CM1EQSUA0015_20220712192041_DirectLight_NG.jpg
13,GSY848AN7C2174_AAO13436K_PKT01_CM1EQSUA0015_20220712191934_DirectLight_NG.jpg
14,GSY848AN7K0324_AAO20093K_PKT05_CM1EQSUA0015_20220720091810_DirectLight_NG.jpg
15,GSY848CN830987_AAO06177K_PKT03_CM1EQSUA0022_20220805172132_DirectLight_NG.jpg
16,GSY848CN831202_AAO11508K_PKT14_CM1EQSUA0022_20220805192619_DirectLight_NG.jpg
17,GSY848CN831370_AAO10102K_PKT04_CM1EQSUA0022_20220805185747_DirectLight_NG.jpg
18,GSY848CN832168_AAO16495K_PKT03_CM1EQSUA0022_20220803232730_DirectLight_NG.jpg
19,GSY848CN832861_AAO11521K_PKT09_CM1EQSUA0022_20220807011152_DirectLight_NG.jpg
20,GSY848CN832868_AAO20600K_PKT09_CM1EQSUA0022_20220807011038_DirectLight_NG.jpg
21,GSY848CN832885_AAO25946K_PKT12_CM1EQSUA0022_20220807010818_DirectLight_NG.jpg
22,GSY848CN832935_AAO31632K_PKT09_CM1EQSUA0022_20220806193623_DirectLight_NG.jpg
23,GSY848CN833011_AAO15460K_PKT02_CM1EQSUA0022_20220806122836_DirectLight_NG.jpg
24,GSY848CN860234_AAO03407K_PKT12_CM1EQSUA0022_20220806145934_DirectLight_NG.jpg
25,GSY848CN860247_AAO13276K_PKT07_CM1EQSUA0022_20220806145440_DirectLight_NG.jpg
26,GSY848CN860489_AAO02958K_PKT10_CM1EQSUA0022_20220810111017_DirectLight_NG.jpg
27,GSY848CN860540_AAO14594K_PKT12_CM1EQSUA0022_20220806181959_DirectLight_NG.jpg
28,GSY848CN860703_AAO10099K_PKT11_CM1EQSUA0022_20220807014741_DirectLight_NG.jpg
29,GSY848CN860706_AAO15413K_PKT03_CM1EQSUA0022_20220807014607_DirectLight_NG.jpg
30,GSY848CN861248_AAO31428K_PKT02_CM1EQSUA0022_20220806232316_DirectLight_NG.jpg
31,GSY848CN861261_AAO40639K_PKT03_CM1EQSUA0022_20220806232553_DirectLight_NG.jpg
32,GSY848CN861265_AAO42904K_PKT05_CM1EQSUA0022_20220806233906_DirectLight_NG.jpg
33,GSY848CN861265_AAO42904K_PKT13_CM1EQSUA0022_20220806233915_DirectLight_NG.jpg
34,GSY848CN861275_AAO24608K_PKT12_CM1EQSUA0022_20220806222419_DirectLight_NG.jpg
35,GSY848CN861447_AAO13962K_PKT11_CM1EQSUA0022_20220807043348_DirectLight_NG.jpg
36,GSY848CN861509_AAO31075K_PKT11_CM1EQSUA0022_20220806225224_DirectLight_NG.jpg
37,GSY848CN861555_AAO18998K_PKT11_CM1EQSUA0022_20220806223726_DirectLight_NG.jpg
38,GSY848CN861575_AAO02874K_PKT02_CM1EQSUA0022_20220807042054_DirectLight_NG.jpg
39,GSY848CN861575_AAO02874K_PKT08_CM1EQSUA0022_20220807042057_DirectLight_NG.jpg
40,GSY848CN861575_AAO02874K_PKT13_CM1EQSUA0022_20220807042101_DirectLight_NG.jpg
41,GSY848CN861575_AAO02874K_PKT14_CM1EQSUA0022_20220807042100_DirectLight_NG.jpg
42,GSY848CN861575_AAO02874K_PKT15_CM1EQSUA0022_20220807042059_DirectLight_NG.jpg
43,GSY848CN861583_AAO11656K_PKT12_CM1EQSUA0022_20220807041935_DirectLight_NG.jpg
44,GSY848CN861586_AAO17238K_PKT04_CM1EQSUA0022_20220807041256_DirectLight_NG.jpg
45,GSY848CN861589_AAO23391K_PKT04_CM1EQSUA0022_20220807041232_DirectLight_NG.jpg
46,GSY848CN861592_AAO06024K_PKT10_CM1EQSUA0022_20220807041141_DirectLight_NG.jpg
47,GSY848CN861592_AAO06024K_PKT12_CM1EQSUA0022_20220807041147_DirectLight_NG.jpg
48,GSY848CN861596_AAO03933K_PKT07_CM1EQSUA0022_20220807041059_DirectLight_NG.jpg
49,GSY848CN861596_AAO03933K_PKT12_CM1EQSUA0022_20220807041102_DirectLight_NG.jpg
50,GSY848CN861598_AAO41579K_PKT04_CM1EQSUA0022_20220807041700_DirectLight_NG.jpg
51,GSY848CN861601_AAO23390K_PKT12_CM1EQSUA0022_20220807041821_DirectLight_NG.jpg
52,GSY848CN861606_AAO04379K_PKT11_CM1EQSUA0022_20220807040846_DirectLight_NG.jpg
53,GSY848CN861614_AAO15719K_PKT02_CM1EQSUA0022_20220807040101_DirectLight_NG.jpg
54,GSY848CN861614_AAO15719K_PKT11_CM1EQSUA0022_20220807040110_DirectLight_NG.jpg
55,GSY848CN861614_AAO15719K_PKT12_CM1EQSUA0022_20220807040109_DirectLight_NG.jpg
56,GSY848CN861623_AAO18903K_PKT08_CM1EQSUA0022_20220807035429_DirectLight_NG.jpg
57,GSY848CN861623_AAO18903K_PKT11_CM1EQSUA0022_20220807035435_DirectLight_NG.jpg
58,GSY848CN861856_AAO09621K_PKT04_CM1EQSUA0022_20220807010430_DirectLight_NG.jpg
59,GSY848CN861857_AAO10415K_PKT09_CM1EQSUA0022_20220807004631_DirectLight_NG.jpg
60,GSY848CN861857_AAO10415K_PKT10_CM1EQSUA0022_20220807004630_DirectLight_NG.jpg
61,GSY848CN861862_AAO07114K_PKT12_CM1EQSUA0022_20220807003826_DirectLight_NG.jpg
62,GSY848CN861874_AAO40898K_PKT01_CM1EQSUA0022_20220806232426_DirectLight_NG.jpg
63,GSY848CN862032_AAO02929K_PKT01_CM1EQSUA0022_20220807015813_DirectLight_NG.jpg
64,GSY848CN862047_AAO23706K_PKT11_CM1EQSUA0022_20220807044633_DirectLight_NG.jpg
65,GSY848CN862052_AAO26542K_PKT11_CM1EQSUA0022_20220807015114_DirectLight_NG.jpg
66,GSY848CN862052_AAO26542K_PKT12_CM1EQSUA0022_20220807015114_DirectLight_NG.jpg
67,GSY848CN862054_AAO11228K_PKT08_CM1EQSUA0022_20220807015037_DirectLight_NG.jpg
68,GSY848CN862095_AAO07204K_PKT13_CM1EQSUA0022_20220807020748_DirectLight_NG.jpg
69,GSY848CN862098_AAO18438K_PKT10_CM1EQSUA0022_20220807020712_DirectLight_NG.jpg
70,GSY848CN862100_AAO12336K_PKT02_CM1EQSUA0022_20220807020643_DirectLight_NG.jpg
71,GSY848CN862102_AAO25340K_PKT12_CM1EQSUA0022_20220807020556_DirectLight_NG.jpg
72,GSY848CN862109_AAO26455K_PKT07_CM1EQSUA0022_20220807020209_DirectLight_NG.jpg
73,GSY848CN862303_AAO16579K_PKT01_CM1EQSUA0022_20220807024434_DirectLight_NG.jpg
74,GSY848CN862304_AAO25627K_PKT06_CM1EQSUA0022_20220807024400_DirectLight_NG.jpg
75,GSY848CN862305_AAO05782K_PKT01_CM1EQSUA0022_20220807024314_DirectLight_NG.jpg
76,GSY848CN862305_AAO05782K_PKT09_CM1EQSUA0022_20220807024315_DirectLight_NG.jpg
77,GSY848CN862306_AAO28811K_PKT02_CM1EQSUA0022_20220807024238_DirectLight_NG.jpg
78,GSY848CN862306_AAO28811K_PKT12_CM1EQSUA0022_20220807024246_DirectLight_NG.jpg
79,GSY848CN862307_AAO43328K_PKT04_CM1EQSUA0022_20220807024155_DirectLight_NG.jpg
80,GSY848CN862308_AAO17361K_PKT04_CM1EQSUA0022_20220807024045_DirectLight_NG.jpg
81,GSY848CN862316_AAO16377K_PKT11_CM1EQSUA0022_20220807031820_DirectLight_NG.jpg
82,GSY848CN862316_AAO16377K_PKT14_CM1EQSUA0022_20220807031817_DirectLight_NG.jpg
83,GSY848CN862317_AAO05665K_PKT12_CM1EQSUA0022_20220807031443_DirectLight_NG.jpg
84,GSY848CN862319_AAO20237K_PKT03_CM1EQSUA0022_20220807030922_DirectLight_NG.jpg
85,GSY848CN862319_AAO20237K_PKT08_CM1EQSUA0022_20220807030926_DirectLight_NG.jpg
86,GSY848CN862319_AAO20237K_PKT11_CM1EQSUA0022_20220807030931_DirectLight_NG.jpg
87,GSY848CN862319_AAO20237K_PKT12_CM1EQSUA0022_20220807030931_DirectLight_NG.jpg
88,GSY848CN862320_AAO18561K_PKT11_CM1EQSUA0022_20220807030600_DirectLight_NG.jpg
89,GSY848CN870209_AAO06728K_PKT05_CM1EQSUA0022_20220807033127_DirectLight_NG.jpg
90,GSY848CN870212_AAO27742K_PKT05_CM1EQSUA0022_20220807032957_DirectLight_NG.jpg
91,GSY848CN870212_AAO27742K_PKT07_CM1EQSUA0022_20220807033003_DirectLight_NG.jpg
92,GSY848CN870212_AAO27742K_PKT08_CM1EQSUA0022_20220807033002_DirectLight_NG.jpg
93,GSY848CN870276_AAO13808K_PKT06_CM1EQSUA0022_20220807032359_DirectLight_NG.jpg
94,GSY848CN870277_AAO25177K_PKT08_CM1EQSUA0022_20220807032135_DirectLight_NG.jpg
95,GSY848CN870301_AAO11782K_PKT13_CM1EQSUA0022_20220807035305_DirectLight_NG.jpg
96,GSY848CN870307_AAO17857K_PKT04_CM1EQSUA0022_20220807035208_DirectLight_NG.jpg
97,GSY848CN870307_AAO17857K_PKT08_CM1EQSUA0022_20220807035212_DirectLight_NG.jpg
98,GSY848CN870310_AAO14487K_PKT07_CM1EQSUA0022_20220807035145_DirectLight_NG.jpg
99,GSY848CN870310_AAO14487K_PKT12_CM1EQSUA0022_20220807035149_DirectLight_NG.jpg
100,GSY848CN870449_AAO07507K_PKT11_CM1EQSUA0022_20220809082950_DirectLight_NG.jpg
101,GSY848CN872385_AAO31871K_PKT15_CM1EQSUA0022_20220810132138_DirectLight_NG.jpg
102,GSY848CN880314_AAO11367K_PKT12_CM1EQSUA0022_20220811075108_DirectLight_NG.jpg
103,GSY848CN891242_AAO21870K_PKT11_CM1EQSUA0022_20220811070800_DirectLight_NG.jpg
104,GSY848CN891366_AAO43261K_PKT06_CM1EQSUA0022_20220810031907_DirectLight_NG.jpg
105,GSY848CN891371_AAO14143K_PKT09_CM1EQSUA0022_20220810043522_DirectLight_NG.jpg
106,GSY848CN891390_AAO21211K_PKT10_CM1EQSUA0022_20220810001226_DirectLight_NG.jpg
107,GSY848CN891440_AAO12165K_PKT12_CM1EQSUA0022_20220810014757_DirectLight_NG.jpg
108,GSY848CN891456_AAO13940K_PKT08_CM1EQSUA0022_20220810035513_DirectLight_NG.jpg
109,GSY848CN891644_AAO42838K_PKT09_CM1EQSUA0022_20220810233010_DirectLight_NG.jpg
110,GSY848CN891772_AAO05751K_PKT07_CM1EQSUA0022_20220811000425_DirectLight_NG.jpg
111,GSY848CN8A0108_AAO24563K_PKT11_CM1EQSUA0022_20220810164344_DirectLight_NG.jpg
112,GSY848CN8A0789_AAO05668K_PKT01_CM1EQSUA0022_20220810145343_DirectLight_NG.jpg
113,GSY848CN8A0828_AAO05514K_PKT10_CM1EQSUA0022_20220810134001_DirectLight_NG.jpg
114,GSY848CN8B0664_AAO21159K_PKT13_CM1EQSUA0022_20220811095327_DirectLight_NG.jpg
115,GSY848CN8B0829_AAO08420K_PKT02_CM1EQSUA0022_20220811093210_DirectLight_NG.jpg
116,GSY848CN8B1042_AAO31907K_PKT01_CM1EQSUA0022_20220811101512_DirectLight_NG.jpg
117,GSY848CN8B1119_AAO27966K_PKT11_CM1EQSUA0022_20220811104144_DirectLight_NG.jpg
118,GSY848CN8B1188_AAO20935K_PKT12_CM1EQSUA0022_20220811104716_DirectLight_NG.jpg
119,GSY848CN8B1196_AAO03022K_PKT13_CM1EQSUA0022_20220811104459_DirectLight_NG.jpg
120,GSY848CN8B1246_AAO31595K_PKT13_CM1EQSUA0022_20220811105533_DirectLight_NG.jpg
121,GSY848CN8B1251_AAO16248K_PKT12_CM1EQSUA0022_20220811105411_DirectLight_NG.jpg
122,GSY848CN8B1935_AAO05970K_PKT02_CM1EQSUA0022_20220811143035_DirectLight_NG.jpg
123,GSY848CN8B2234_AAO19544K_PKT13_CM1EQSUA0022_20220811164048_DirectLight_NG.jpg
124,GSY848CN8B2414_AAO26102K_PKT12_CM1EQSUA0022_20220811163052_DirectLight_NG.jpg
125,GSY848CN8B2501_AAO06123K_PKT14_CM1EQSUA0022_20220811171921_DirectLight_NG.jpg
126,GSY848CN8B2510_AAO03550K_PKT01_CM1EQSUA0022_20220811200041_DirectLight_NG.jpg
127,GSY848CN8B2569_AAO06153K_PKT09_CM1EQSUA0022_20220811170446_DirectLight_NG.jpg
128,GSY848CN8B2633_AAO19067K_PKT10_CM1EQSUA0022_20220811191719_DirectLight_NG.jpg
129,GSY848CN8B2634_AAO03931K_PKT02_CM1EQSUA0022_20220811191430_DirectLight_NG.jpg
130,GSY848CN8B2796_AAO39635K_PKT12_CM1EQSUA0022_20220811200510_DirectLight_NG.jpg
131,GSY848CN8B2939_AAO15118K_PKT08_CM1EQSUA0022_20220811215948_DirectLight_NG.jpg
132,GSY848CN8B3147_AAO24333K_PKT05_CM1EQSUA0022_20220811222518_DirectLight_NG.jpg
133,GSY848CN8B3207_AAO09992K_PKT12_CM1EQSUA0022_20220811232056_DirectLight_NG.jpg
134,GSY848CN8B3248_AAO13945K_PKT03_CM1EQSUA0022_20220811231735_DirectLight_NG.jpg
